{
  "assetsByChunkName": {
    "vendors~app-account~app-confirmation~app-order": "chunk.4b969bc5a3810bd6ffc4.js",
    "vendors~app-account~app-checkout": "chunk.7eae4be64131b89a2fa1.js",
    "vendors~app-cart~app-checkout": "chunk.6b3679b4073362e9d1c9.js",
    "admin": [
      "admin.d374680cb436d686163d.js",
      "admin.d374680cb436d686163d.js.map"
    ],
    "app-account": "chunk.4ac253582a2394af3c65.js",
    "app-checkout": "chunk.1b54036b3c713efb7003.js",
    "app-confirmation": "chunk.b4e2d41a48f9c095da35.js",
    "checkout": [
      "checkout.ebfb4ac0a8fc39ff9ac0.js",
      "checkout.ebfb4ac0a8fc39ff9ac0.js.map"
    ],
    "storefront": [
      "storefront.102c9423b849313a753b.css",
      "storefront.48ac6b889f46e42bab44.js",
      "storefront.102c9423b849313a753b.css.map",
      "storefront.48ac6b889f46e42bab44.js.map"
    ],
    "vendors~app-cart": "chunk.5a51b8b2865889225285.js",
    "vendors~app-order": "chunk.c0f2eca6d7d791edf42f.js"
  }
}