{
  "title": "Sobre a Raquel Fernanda",
  "meta_title": "Sobre a Raquel Fernanda",
  "meta_description": "Sobre a Raquel Fernanda",
  "body": "<!--StartFragment-->\n\n<!--StartFragment-->\n\nA Raquel Fernanda é uma referência no segmento de moda evangélica desde sua fundação em 2007. Com um compromisso inabalável com a elegância e a modéstia, a marca surgiu da paixão por oferecer roupas que valorizam a beleza e a dignidade da mulher cristã, sem abrir mão do estilo e da modernidade. Ao longo dos anos, Raquel Fernanda consolidou-se como um sinônimo de qualidade e sofisticação, destacando-se pela cuidadosa seleção de tecidos, pelo acabamento impecável e pelo design exclusivo de suas peças. Cada coleção é criada com o intuito de proporcionar conforto e confiança, permitindo que nossas clientes expressem sua fé através de uma moda refinada e contemporânea. Nossa missão é atender às necessidades da mulher evangélica moderna, oferecendo uma ampla gama de produtos que vão desde vestidos e saias até blusas e acessórios, sempre respeitando os valores e princípios cristãos. Com um atendimento personalizado e uma experiência de compra agradável, buscamos construir relacionamentos duradouros com nossas clientes, entendendo suas preferências e superando suas expectativas. Venha conhecer a Raquel Fernanda e descubra como é possível unir tradição e inovação, criando um guarda-roupa que reflete a sua fé e o seu estilo pessoal.\n\n<!--EndFragment-->\n\n<!--EndFragment-->",
  "sections": [
    {
      "type": "page-title"
    },
    {
      "type": "extra-page",
      "enabled": true
    },
    {
      "type": "collection-shelf",
      "shuffle": true,
      "title": "QUE TAL COMPRAR O SEU RF HOJE?",
      "sort": "news"
    }
  ]
}