{
  "marketing_stripe": {
    "text": "Seja uma revendedora RF. Venha fazer parte da Família.",
    "link": ""
  },
  "contacts_stripe": {
    "pages": [
      {
        "title": "Seja uma Revendedora. Faça seu cadastro aqui",
        "link": "/pages/revendedor"
      }
    ],
    "phone_wpp": true,
    "socials": true
  },
  "categories_list": {
    "featured": [
      "/loja?Loja",
      "/colecao-unique?Coleção Unique"
    ],
    "random": 0,
    "full_width": false
  },
  "search_input": true
}
