{
  "meta_title": "",
  "meta_description": "",
  "sections": [
    {
      "type": "banner-slider",
      "autoplay": 9000,
      "full_width": false,
      "slides": [
        {
          "start": "",
          "end": "",
          "mobile_img": "/img/uploads/banners-mobile.jpg",
          "img": "/img/uploads/inserir-um-titulo.jpg",
          "alt": ""
        },
        {
          "start": "",
          "end": "",
          "img": "/img/uploads/inserir-um-titulo-1-.jpg",
          "mobile_img": "/img/uploads/banners-mobile-2-.jpg",
          "alt": ""
        },
        {
          "start": "",
          "end": "",
          "img": "/img/uploads/inserir-um-titulo-2-.jpg",
          "mobile_img": "/img/uploads/banners-mobile-3-.jpg",
          "alt": ""
        }
      ]
    },
    {
      "type": "info-bar",
      "enabled": false
    },
    {
      "type": "collection-shelf",
      "shuffle": false,
      "limit": 12,
      "page": 1,
      "collection_id": "68496bc6578b5f79543a9f2c:categories:Coleção Serena Parte II:/colecao-serena-parte-ii",
      "title": "COLEÇÃO SERENA PARTE II "
    },
    {
      "type": "collection-shelf",
      "shuffle": true,
      "title": "OS MAIS VENDIDOS DA NOSSA LOJA",
      "sort": "sales"
    }
  ]
}
